{
    "R": [
        [
            -0.20179488459081346,
            -0.9793868568077869,
            0.0089559625470369
        ],
        [
            -0.15004993659085863,
            0.021877882833925444,
            -0.9884363281323612
        ],
        [
            0.9678656110649142,
            -0.2008052363731303,
            -0.151371780603492
        ]
    ],
    "T": [
        836.6625366210938,
        85.86837005615234,
        600.2880859375
    ],
    "K": [
        [
            1552.2911465495156,
            0.0,
            931.7092001511921
        ],
        [
            0.0,
            1689.001362380511,
            467.30436475747547
        ],
        [
            0.0,
            0.0,
            1.0
        ]
    ]
}